# Redirects for Next.js routes
/                 /                   301
/404              /404.html            301
/500              /500.html            301
/about-us         /about-us.html       301
/admin            /admin.html          301
/admin/dashboard  /admin/dashboard.html 301
/admin/reset-password  /admin/reset-password.html 301
/blogs            /blogs.html          301
/blogs/[blog]     /blogs/[blog].html   301
/contact-us       /contact-us.html     301
/cultural-tours   /cultural-tours.html 301
/cultural-tours/[culturaltour]  /cultural-tours/[culturaltour].html 301
/day-trips        /day-trips.html      301
/day-trips-sitemap.xml  /day-trips-sitemap.xml 200
/day-trips/[daytrip]  /day-trips/[daytrip].html 301
/faqs             /faqs.html           301
/full-moon        /full-moon.html      301
/kilimanjaro-group-climb  /kilimanjaro-group-climb.html 301
/kilimanjaro-routes  /kilimanjaro-routes.html 301
/mountain-routes-sitemap.xml  /mountain-routes-sitemap.xml 200
/mountain-trekking  /mountain-trekking.html 301
/mountain-trekking/[mountain]  /mountain-trekking/[mountain].html 301
/mountain-trekking/[mountain]/[route]  /mountain-trekking/[mountain]/[route].html 301
/mountains-sitemap.xml  /mountains-sitemap.xml 200
/our-safari-packages  /our-safari-packages.html 301
/our-safari-packages/[safari]  /our-safari-packages/[safari].html 301
/planing           /planing.html        301
/planning-a-safari  /planning-a-safari.html 301
/planning-form     /planning-form.html  301
/planning-form/success  /planning-form/success.html 301
/reviews           /reviews.html        301
/safari-locations  /safari-locations.html 301
/safaris-sitemap.xml  /safaris-sitemap.xml 200
/tips              /tips.html           301
/travelconsideration  /travelconsideration.html 301
/zanzibar          /zanzibar.html       301
